{
    "key": "group_621cb253445ae",
    "title": "Header Settings",
    "fields": [
        {
            "key": "field_621cb26d079dd",
            "label": "Logo Image",
            "name": "",
            "type": "message",
            "instructions": "",
            "required": 0,
            "conditional_logic": 0,
            "wrapper": {
                "width": "",
                "class": "",
                "id": ""
            },
            "message": "Logo image can be uploaded from <a href=\"\/wp-admin\/customize.php\">here<\/a>.\r\n<em>Dashboard > Appearance > Customize > Site Identity<\/em>",
            "new_lines": "wpautop",
            "esc_html": 0
        },
        {
            "key": "field_636a02151ccc6",
            "label": "Button 1",
            "name": "header_button_1",
            "type": "link",
            "instructions": "",
            "required": 0,
            "conditional_logic": 0,
            "wrapper": {
                "width": "50",
                "class": "",
                "id": ""
            },
            "return_format": "array"
        },
        {
            "key": "field_636a0dab1ccc7",
            "label": "Button 2",
            "name": "header_button_2",
            "type": "link",
            "instructions": "",
            "required": 0,
            "conditional_logic": 0,
            "wrapper": {
                "width": "50",
                "class": "",
                "id": ""
            },
            "return_format": "array"
        }
    ],
    "location": [
        [
            {
                "param": "options_page",
                "operator": "==",
                "value": "acf-options-header"
            }
        ]
    ],
    "menu_order": 0,
    "position": "normal",
    "style": "default",
    "label_placement": "top",
    "instruction_placement": "label",
    "hide_on_screen": "",
    "active": true,
    "description": "",
    "show_in_rest": 0,
    "modified": 1669484190
}