{
    "key": "group_6218acdd68e4d",
    "title": "General Settings",
    "fields": [
        {
            "key": "field_6218b086f118f",
            "label": "Color Scheme",
            "name": "",
            "aria-label": "",
            "type": "tab",
            "instructions": "",
            "required": 0,
            "conditional_logic": 0,
            "wrapper": {
                "width": "",
                "class": "",
                "id": ""
            },
            "placement": "left",
            "endpoint": 0
        },
        {
            "key": "field_6218b0acf1190",
            "label": "Color 1",
            "name": "color_1",
            "aria-label": "",
            "type": "color_picker",
            "instructions": "Default value: #00017A",
            "required": 0,
            "conditional_logic": 0,
            "wrapper": {
                "width": "25",
                "class": "",
                "id": ""
            },
            "acfe_save_meta": 0,
            "default_value": "#00017A",
            "enable_opacity": 0,
            "return_format": "string"
        },
        {
            "key": "field_644c01200e089",
            "label": "Color 2",
            "name": "color_2",
            "aria-label": "",
            "type": "color_picker",
            "instructions": "Default value: #2F2CD6",
            "required": 0,
            "conditional_logic": 0,
            "wrapper": {
                "width": "25",
                "class": "",
                "id": ""
            },
            "acfe_save_meta": 0,
            "default_value": "#2F2CD6",
            "enable_opacity": 0,
            "return_format": "string"
        },
        {
            "key": "field_644c012d0e08a",
            "label": "Color 3",
            "name": "color_3",
            "aria-label": "",
            "type": "color_picker",
            "instructions": "Default value: #5956FF",
            "required": 0,
            "conditional_logic": 0,
            "wrapper": {
                "width": "25",
                "class": "",
                "id": ""
            },
            "acfe_save_meta": 0,
            "default_value": "#5956FF",
            "enable_opacity": 0,
            "return_format": "string"
        },
        {
            "key": "field_644c013e0e08b",
            "label": "Color 4",
            "name": "color_4",
            "aria-label": "",
            "type": "color_picker",
            "instructions": "Default value: #040524",
            "required": 0,
            "conditional_logic": 0,
            "wrapper": {
                "width": "25",
                "class": "",
                "id": ""
            },
            "acfe_save_meta": 0,
            "default_value": "#040524",
            "enable_opacity": 0,
            "return_format": "string"
        },
        {
            "key": "field_62e12eb7d9328",
            "label": "Body Color",
            "name": "body_color",
            "aria-label": "",
            "type": "color_picker",
            "instructions": "Default value: #ECF1F5",
            "required": 0,
            "conditional_logic": 0,
            "wrapper": {
                "width": "25",
                "class": "",
                "id": ""
            },
            "acfe_save_meta": 0,
            "default_value": "#ECF1F5",
            "enable_opacity": 0,
            "return_format": "string"
        },
        {
            "key": "field_63824d47c5fe9",
            "label": "Border Color",
            "name": "border_color",
            "aria-label": "",
            "type": "color_picker",
            "instructions": "Default value: #ECF1F5",
            "required": 0,
            "conditional_logic": 0,
            "wrapper": {
                "width": "25",
                "class": "",
                "id": ""
            },
            "acfe_save_meta": 0,
            "default_value": "#ECF1F5",
            "enable_opacity": 0,
            "return_format": "string"
        },
        {
            "key": "field_644c01610e08c",
            "label": "Text\/Icons Color",
            "name": "text_color",
            "aria-label": "",
            "type": "color_picker",
            "instructions": "Default value: #040524",
            "required": 0,
            "conditional_logic": 0,
            "wrapper": {
                "width": "25",
                "class": "",
                "id": ""
            },
            "acfe_save_meta": 0,
            "default_value": "#040524",
            "enable_opacity": 0,
            "return_format": "string"
        },
        {
            "key": "field_62fd2934c3c15",
            "label": "404 Page",
            "name": "",
            "aria-label": "",
            "type": "tab",
            "instructions": "",
            "required": 0,
            "conditional_logic": 0,
            "wrapper": {
                "width": "",
                "class": "",
                "id": ""
            },
            "placement": "top",
            "endpoint": 0
        },
        {
            "key": "field_62fd2948c3c16",
            "label": "Heading",
            "name": "error_heading",
            "aria-label": "",
            "type": "text",
            "instructions": "",
            "required": 0,
            "conditional_logic": 0,
            "wrapper": {
                "width": "",
                "class": "",
                "id": ""
            },
            "default_value": "Sorry, something went wrong!",
            "placeholder": "",
            "prepend": "",
            "append": "",
            "maxlength": ""
        },
        {
            "key": "field_62fd2955c3c17",
            "label": "Content",
            "name": "error_content",
            "aria-label": "",
            "type": "textarea",
            "instructions": "",
            "required": 0,
            "conditional_logic": 0,
            "wrapper": {
                "width": "",
                "class": "",
                "id": ""
            },
            "default_value": "This page is incidentally inaccessible because of support. We will back very before long much obliged for your understanding",
            "placeholder": "",
            "maxlength": "",
            "rows": "",
            "new_lines": "br",
            "acfe_textarea_code": 0
        },
        {
            "key": "field_62fd2963c3c18",
            "label": "Button",
            "name": "error_button",
            "aria-label": "",
            "type": "link",
            "instructions": "",
            "required": 0,
            "conditional_logic": 0,
            "wrapper": {
                "width": "",
                "class": "",
                "id": ""
            },
            "return_format": "array"
        },
        {
            "key": "field_64b03b7e463db",
            "label": "Testimonials Page",
            "name": "",
            "aria-label": "",
            "type": "tab",
            "instructions": "",
            "required": 0,
            "conditional_logic": 0,
            "wrapper": {
                "width": "",
                "class": "",
                "id": ""
            },
            "placement": "top",
            "endpoint": 0
        },
        {
            "key": "field_64ca9d0612542",
            "label": "Select Reviews",
            "name": "select_reviews",
            "aria-label": "",
            "type": "relationship",
            "instructions": "",
            "required": 0,
            "conditional_logic": 0,
            "wrapper": {
                "width": "",
                "class": "",
                "id": ""
            },
            "acfe_save_meta": 0,
            "post_type": [
                "testimonials"
            ],
            "post_status": "",
            "taxonomy": "",
            "filters": "",
            "return_format": "id",
            "acfe_bidirectional": {
                "acfe_bidirectional_enabled": "0"
            },
            "min": "",
            "max": "",
            "elements": ""
        },
        {
            "key": "field_64b03bae463dc",
            "label": "Number of reviews",
            "name": "number_of_reviews",
            "aria-label": "",
            "type": "number",
            "instructions": "Use <strong>-1<\/strong> to show all reviews.",
            "required": 0,
            "conditional_logic": 0,
            "wrapper": {
                "width": "",
                "class": "",
                "id": ""
            },
            "acfe_save_meta": 0,
            "default_value": "",
            "min": "",
            "max": "",
            "placeholder": "",
            "step": "",
            "prepend": "",
            "append": ""
        }
    ],
    "location": [
        [
            {
                "param": "options_page",
                "operator": "==",
                "value": "acf-options-general"
            }
        ]
    ],
    "menu_order": 0,
    "position": "normal",
    "style": "default",
    "label_placement": "top",
    "instruction_placement": "label",
    "hide_on_screen": "",
    "active": true,
    "description": "",
    "show_in_rest": 0,
    "acfe_display_title": "",
    "acfe_autosync": [
        "json"
    ],
    "acfe_form": 0,
    "acfe_meta": "",
    "acfe_note": "",
    "modified": 1691000189
}