{
    "key": "group_63820e76a96a8",
    "title": "Custom Category Settings",
    "fields": [
        {
            "key": "field_6387049f3114d",
            "label": "Custom URL",
            "name": "custom_url",
            "aria-label": "",
            "type": "page_link",
            "instructions": "",
            "required": 0,
            "conditional_logic": 0,
            "wrapper": {
                "width": "",
                "class": "",
                "id": ""
            },
            "acfe_save_meta": 0,
            "post_type": [
                "page"
            ],
            "taxonomy": "",
            "allow_archives": 0,
            "multiple": 0,
            "allow_null": 1
        }
    ],
    "location": [
        [
            {
                "param": "taxonomy",
                "operator": "==",
                "value": "profile"
            }
        ]
    ],
    "menu_order": 0,
    "position": "normal",
    "style": "default",
    "label_placement": "top",
    "instruction_placement": "label",
    "hide_on_screen": "",
    "active": true,
    "description": "",
    "show_in_rest": 0,
    "acfe_display_title": "",
    "acfe_autosync": [
        "json"
    ],
    "acfe_form": 0,
    "acfe_meta": {
        "acfcloneindex": {
            "acfe_meta_key": "",
            "acfe_meta_value": ""
        }
    },
    "acfe_note": "",
    "modified": 1683746573
}