{
    "key": "group_6421d432b07ed",
    "title": "Author info",
    "fields": [
        {
            "key": "field_6421d51b4c117",
            "label": "Job",
            "name": "job",
            "aria-label": "",
            "type": "text",
            "instructions": "",
            "required": 0,
            "conditional_logic": 0,
            "wrapper": {
                "width": "",
                "class": "",
                "id": ""
            },
            "default_value": "",
            "placeholder": "",
            "prepend": "",
            "append": "",
            "maxlength": ""
        }
    ],
    "location": [
        [
            {
                "param": "post_type",
                "operator": "==",
                "value": "testimonials"
            }
        ],
        [
            {
                "param": "post_type",
                "operator": "==",
                "value": "glassdoor"
            }
        ]
    ],
    "menu_order": 0,
    "position": "side",
    "style": "default",
    "label_placement": "top",
    "instruction_placement": "label",
    "hide_on_screen": "",
    "active": true,
    "description": "",
    "show_in_rest": 0,
    "acfe_display_title": "",
    "acfe_autosync": [
        "json"
    ],
    "acfe_form": 0,
    "acfe_meta": {
        "acfcloneindex": {
            "acfe_meta_key": "",
            "acfe_meta_value": ""
        }
    },
    "acfe_note": "",
    "modified": 1687891514
}